id,description,date,place_name,address,address_latitude,address_longitude,people_list,chat_people_list
5896,Валерий Попов. Юбилей писателя. Творческий путь - от ужасов социализма к ужасам капитализма.,1999-12-10 18:00:00,Музей Ахматовой,"Литейный пр., д. 53",59.936332,30.347704,['Валерий  Попов'],
5895,"Презентация поэтического сборника Ольги Обуховской ""Светла ночная тень"".",1999-12-10 18:00:00,Дом журналиста,"Невский пр., д. 70",59.933244,30.345737,['Ольга  Обуховская'],
5897,"Очередной семинар из цикла ""Неподцензурная петербургская литература 1950-х-1980-х годов"", проводимого Б.И.Ивановым. В программе доклады: ""Неофициальная литературная среда 50-80-х годов: салоны, кафе, кружки, клубы"" - Юрий Новиков; ""Поэзия Аркадия Драгомощенко"" - Александр Скидан, ""Полифоносемантика Александра Горнона"" - Борис Шифрин.",1999-12-10 19:00:00,Музей Ахматовой,"Литейный пр., д. 53",59.936332,30.347704,"['Александр  Горнон', 'Аркадий  Драгомощенко', 'Борис  Иванов', 'Юрий  Новиков', 'Александр  Скидан', 'Борис  Шифрин']","['Юрий Новиков', 'Александр Скидан', 'Борис Шифрин']"
5898,"Фестиваль ""Культурные герои XXI века"". Петербургская часть. Организаторы - Сергей Завьялов, Алексей Машевский, Алексей Пурин. День первый.            Конкурс петербургских молодых поэтов (до 33 лет). Жюри: Аркадий Драгомощенко, Виктор Кривулин, Александр Кушнер, Сергей Стратановский, Елена Шварц.",1999-12-11 17:00:00,Дом журналиста,"Невский пр., д. 70",59.933244,30.345737,"['Аркадий  Драгомощенко', 'Сергей  Завьялов', 'Виктор  Кривулин', 'Александр  Кушнер', 'Алексей  Машевский', 'Алексей  Пурин', 'Сергей  Стратановский', 'Елена  Шварц']",
5899,"Фестиваль ""Культурные герои XXI века"". Петербургская часть. Организаторы - Сергей Завьялов, Алексей Машевский, Алексей Пурин. День второй.           Конкурс петербургских молодых поэтов (до 33 лет). Жюри: Аркадий Драгомощенко, Виктор Кривулин, Александр Кушнер, Сергей Стратановский, Елена Шварц.",1999-12-12 16:00:00,Музей Пушкина,"Мойка, д. 12",59.941186,30.321168,"['Аркадий  Драгомощенко', 'Сергей  Завьялов', 'Виктор  Кривулин', 'Александр  Кушнер', 'Алексей  Машевский', 'Алексей  Пурин', 'Сергей  Стратановский', 'Елена  Шварц']",
5900,"Акция городского поэтического движения ""Послушайте!""",1999-12-12 18:00:00,Театр Эстрады,"Большая Конюшенная ул., д. 27",59.936999,30.322363,[],
5906,"Фестиваль ""Культурные герои XXI века"". Петербургская часть. Организаторы - Сергей Завьялов, Алексей Машевский, Алексей Пурин. День третий.           Подведение итогов конкурса петербургских молодых поэтов, вручение премий победителям. После - поэтические чтения: Татьяна Вольтская, Аркадий Драгомощенко, Елена Елагина, Сергей Завьялов, Николай Кононов, Виктор Кривулин, Александр Кушнер, Алексей Машевский, Алексей Пурин, Александр Скидан, Сергей Стратановский, Владимир Уфлянд, Илья Фоняков, Валерий Шубинский и победители фестиваля.",1999-12-13 17:00:00,Дом журналиста,"Невский пр., д. 70",59.933244,30.345737,"['Татьяна  Вольтская', 'Аркадий  Драгомощенко', 'Елена  Елагина', 'Сергей  Завьялов', 'Николай  Кононов', 'Виктор  Кривулин', 'Александр  Кушнер', 'Алексей  Машевский', 'Алексей  Пурин', 'Александр  Скидан', 'Сергей  Стратановский', 'Владимир  Уфлянд', 'Илья  Фоняков', 'Валерий  Шубинский']",
5907,"""Прощание с пушкинским годом"". Традиционный вечер ЛО ""Утконос"", на котором поэты читают свои и чужие стихи. На этот раз - стихи Пушкина, его предшественников и современников. Куратор проекта - Валерий Шубинский. К участию заявлены: Дмитрий Болотов, Игорь Булатовский, Виктор Ефимов, Сергей Завьялов, Всеволод Зельченко, Светлана Иванова, Николай Кононов, Илья Кучеров, Сергей Стратановский, Дарья Суховей, Валерий Шубинский.",1999-12-14 18:00:00,Музей Ахматовой,"Литейный пр., д. 53",59.936332,30.347704,"['Дмитрий  Болотов', 'Игорь  Булатовский', 'Виктор  Ефимов', 'Сергей  Завьялов', 'Всеволод  Зельченко', 'Светлана  Иванова', 'Николай  Кононов', 'Илья  Кучеров', 'Александр  Пушкин', 'Сергей  Стратановский', 'Дарья  Суховей', 'Валерий  Шубинский']","['Дмитрий Болотов', 'Игорь Булатовский', 'Виктор Ефимов', 'Сергей Завьялов', 'Всеволод Зельченко', 'Светлана Иванова', 'Николай Кононов', 'Илья Кучеров', 'Сергей Стратановский', 'Дарья Суховей', 'Валерий Шубинский']"
5902,"Поэтический вечер ""Самиздат-99"". Илья Фоняков представляет книгу Олега Фонякова ""Ночь накануне"". Виктор Меркушов представляет книги-миниатюры петербургских поэтов, выпущенные издательством ""Знак"". Ведёт вечер Илья Фоняков.",1999-12-16 18:00:00,Российская национальная библиотека,"Садовая ул., д. 18",59.933402,30.334652,"['Виктор  Меркушов', 'Олег  Фоняков']","['Илья Фоняков', 'Олег Фоняков', 'Виктор Меркушов']"
5901,Вечер поэта Евгения Мякишева. Куратор - Лариса Березовчук.,1999-12-16 18:00:00,Лицей,"Фонтанка, д. 78",59.926999,30.33352,"['Лариса  Березовчук', 'Евгений  Мякишев']",
5901,Вечер поэта Евгения Мякишева. Куратор - Лариса Березовчук.,1999-12-16 18:00:00,Лицей,"Фонтанка, д. 78",59.926999,30.33352,"['Лариса  Березовчук', 'Евгений  Мякишев']",
5910,"Поэтический вечер ""Диалог поколений"": Виктор Кривулин - Жанна Сизова Куратор - Лариса Березовчук.",1999-12-16 18:00:00,Лицей,"Фонтанка, д. 78",59.926999,30.33352,"['Лариса  Березовчук', 'Виктор  Кривулин', 'Жанна  Сизова']",
5912,"Очередной семинар из цикла ""Неподцензурная петербургская литература 1950-х-1980-х годов"", проводимого Б.И.Ивановым. Предполагаются доклады ""Свободный стих Петербурга"" - Арсен Мирзаев и ""Полифоносемантика Александра Горнона"" - Борис Шифрин.",1999-12-17 20:00:00,Музей Ахматовой,"Литейный пр., д. 53",59.936332,30.347704,"['Александр  Горнон', 'Борис  Иванов', 'Арсен  Мирзаев', 'Борис  Шифрин']","['Б.И.Иванов', 'Арсен Мирзаев', 'Борис Шифрин']"
5903,Вечер памяти Ефима Григорьевича Эткинда.,1999-12-18 16:00:00,Музей Ахматовой,"Литейный пр., д. 53",59.936332,30.347704,['Ефим  Эткинд'],
5913,"Предновогодний вечер ""ШАЛТАЙ-БОЛТАЙ-2000"" / ""стихи и песни путевых обходчиков"". Большой поэтический концерт. Участниками предполагаются быть: Дмитрий Григорьев, Всеволод Зельченко, Владимир Кучерявкин, Арсен Мирзаев, Александр Новаковский, Дарья Суховей Куратор - Дмитрий Григорьев.",1999-12-20 19:00:00,Шалтай-Болтай,"Гагаринская ул., д. 3",59.947978,30.341371,"['Дмитрий  Григорьев', 'Всеволод  Зельченко', 'Владимир  Кучерявкин', 'Арсен  Мирзаев', 'Александр  Новаковский', 'Дарья  Суховей']",
5905,Вечер поэтессы Татьяны Вольтской. Куратор - Лариса Березовчук.,1999-12-23 18:00:00,Лицей,"Фонтанка, д. 78",59.926999,30.33352,"['Лариса  Березовчук', 'Татьяна  Вольтская']",
5916,"Конференция ""Петербургская неподцензурная литература: 1950-80-е годы"". Первый день работы. Доклады:   Сажин В. На пороге свободомыслия: литературный процесс начала 1950-х. Рогинский Б. Поэт Роальд Мандельштам и его окружение. Купман Е. Либеральное крыло ЛО ССП - Д.Дар, Г.Семёнов, Т.Хмельницкая, Е.Эткинд и др. Уфлянд В. Круг Михаила Красильникова. Вербловская И. Потаённое творчество ленинградских писателей. Голынко-Вольфсон Д. Поэзия Виктора Сосноры. (перерыв 14.00 -14.30) Петров А. Литературная группа ""Горожане"". Гордин Я. Поэзия и политика (Дело Иосифа Бродского). Николаев Н. Поэты ""Малой Садовой"". Никольская Т. Алексей Хвостенко и его окружение. Шубинский В. Круг И.Бродского и альтернативные направления петербургской поэзии в 1960-70-е годы. Программа может незначительно меняться.   *",1999-12-24 11:00:00,Музей политической истории России,"Куйбышева, д. 2",59.954588,30.325067,"['Иосиф  Бродский', 'Ирина  Вербловская', 'Дмитрий  Голынко-Вольфсон', 'Яков  Гордин', 'Давид  Дар', 'Михаил  Красильников', 'Е  Купман', 'Роальд  Мандельштам', 'Николаев  Николаев', 'Татьяна  Никольская', 'Ася  Петрова', 'Борис  Рогинский', 'Валерий  Сажин', 'Глеб  Семенов', 'Виктор  Соснора', 'Владимир  Уфлянд', 'Алексей  Хвостенко', 'Т  Хмельницкая', 'Валерий  Шубинский', 'Ефим  Эткинд']","['В. Сажин', 'Б. Рогинский', 'Д. Дар', 'Г. Семенов', 'Т. Хмельницкая', 'Е. Эткинд', 'В. Уфлянд', 'И. Вербловская', 'Д. Голынко-Вольфсон', 'Я. Гордин', 'А. Петров', 'Н. Николаев', 'Т. Никольская', 'В. Шубинский']"
5918,"Вечер поэтов. Читают: Виктор Кривулин, Аркадий Драгомощенко, Евгений Вензель, Николай Кононов, Всеволод Зельченко, Александр Скидан, Дмитрий Голынко-Вольфсон, Тимофей Животовский, Александр Куляхтин, Владимир Бауэр, Марат Басыров, Алишер. Куратор - Алишер.",1999-12-24 17:00:00,"Выставочный зал Николаевская, 16","Николаевская, д. 16",59.876662,29.95453,"['Марат  Басыров', 'Владимир  Бауэр', 'Евгений  Вензель', 'Дмитрий  Голынко-Вольфсон', 'Аркадий  Драгомощенко', 'Тимофей  Животовский', 'Всеволод  Зельченко', 'Николай  Кононов', 'Виктор  Кривулин', 'Александр  Куляхтин', 'Александр  Скидан', 'Алишер  ']",
5914,"Открытие выставки Лики Волчек ""Стихографика: Мозаика состояний"". Поэтические чтения.",1999-12-24 18:00:00,Музей печати,"Мойка, д. 32",59.938432,30.32062,['Лика  Волчек'],
5919,"Конференция ""Петербургская неподцензурная литература: 1950-80-е годы"". Второй день работы. Доклады:   Иванов Б. Культурное движение 1960-70-х годов. Стратановский С. Религиозные мотивы в петербургской неподцензурной поэзии. Тульчинский Г. Официоз и неангажированное философствование. Новиков Ю. ""Зелёные лампы"" неофициальной литературной среды. Крусанов П. Петербургская версия ""письма"". (Проза середины 1980-90-х годов) Долинин В. Неподцензурная литература и неподцензурная печать. (перерыв 14.00-14.30) Новаковский А. ""Сумерки"" как журнал переходного времени. Шубинский В. О некоторых литературных группах 1980-х. Берг М. Проблема успеха в неофициальной литературе. Шнейдерман Э. Первая антология петербургской неподцензурной поэзии ""Острова"". Равинский Д. Петербургский самиздат в архивах. Зубова Л. Свобода языка как выход из времени. Кривулин В. Парадокс как фундаментальная категория независимой послевоенной культуры. Сухих И. Три урока самиздата. Программа может незначительно меняться.",1999-12-25 11:00:00,Музей политической истории России,"Куйбышева, д. 2",59.954588,30.325067,"['Михаил  Берг', 'Вячеслав  Долинин', 'Людмила  Зубова', 'Борис  Иванов', 'Виктор  Кривулин', 'Павел  Крусанов', 'Александр  Новаковский', 'Юрий  Новиков', 'Дмитрий  Равинский', 'Сергей  Стратановский', 'Игорь  Сухих', 'Григорий  Тульчинский', 'Эдуард  Шнейдерман', 'Валерий  Шубинский']",
5915,"Конкурсный концерт фестиваля поэзии ""Молодой Петербург"", проводящегося в третий раз Союзом Творческой Молодёжи при поддержке отдела по семьи детству и молодёжи территориального управления центрального административного района [орф. и пункт. от слова ""при"" сохр., содр. с афиш.; отнош. к происход. 11-13.12 почти не им.]  НОВОСТИ  С 11 по 13 декабря 1999 года в Петербурге был поэтический фестиваль ""Культурный герой XXI века"". Проходил он в форме турнира поэтов, в котором участвовали 44 человека как из разных поэтических кругов (лито), так и те, кто сам по себе. Победителями стали: Игорь Булатовский (абсолютный победитель), Жанна Сизова, Юлия Ламская (лауреаты), Тимофей Животовский, Елена Литвинцева (призы зрительских симпатий), Василий Ковалёв, Зоя Барзах (специальные призы от Союза Правых Сил).",1999-12-25 17:00:00,Дом актера,"Невский пр., д. 86",59.932644,30.350498,"['Зоя  Барза', 'Игорь  Булатовский', 'Тимофей  Животовский', 'Василий  Ковалев', 'Юлия  Ламский', 'Елена  Литвинцева', 'Жанна  Сизова']",
5920,Вечер поэта Ильи Кукулина (Москва),1999-12-29 18:00:00,Борей-Арт,"Литейный пр., д. 58",59.934033,30.348468,['Илья  Кукулин'],
3308,"""В пространстве Воображаемого:  диалог русской  и американской литературы"". Беседа с американским поэтом, переводчиком и издателем Томасом Эпстайном.",2000-01-07 18:00:00,Амплитуда,"Лиговский пр., д. 53",59.929136,30.359338,['Томас  Эпстайн'],
3309,"Вечер поэтической школы ""Синкаге Рю"": Дмитрий Чернышёв, Александр Ильянен.",2000-01-10 19:00:00,Шалтай-Болтай,"Гагаринская ул., д. 3",59.947978,30.341371,"['Александр  Ильянен', 'Дмитрий  Чернышев']",
3339,"Организаторы  в Музее Набокова надеются, что и сведущим набоковедам, и не ведающим, что кроется за очередной юбилейной маской, любителям литературы наверняка придутся по вкусу поэтические импровизации, шуточные  учёных-найтоведов, дискуссии  и пародии. Среди участников программы  - поэты Алексей Пурин, Дмитрий Голынко-Вольфсон; ""новые символисты"": Анастасия Нелюбина, Ольга Касьяненко; Вадим Старк, профессор Шраер из Бостонского колледжа и другие , готовые вести себя весьма и весьма несерьёзно. ",2000-01-13 18:00:00,Музей Набокова,"Большая Морская ул., д. 47",59.931887,30.304927,"['Дмитрий  Голынко-Вольфсон', 'Ольга  Касьяненко', 'Анастасия  Нелюбина', 'Алексей  Пурин', 'Вадим  Старк', 'Шраера  ']","['Алексей Пурин', 'Дмитрий Голынко-Вольфсон', 'Анастасия Нелюбина', 'Ольга Касьяненко', 'Вадим Старк']"
3341,"Поэтические чтения в рамках выставки ""Петербург-99"". Вход на выставку 10 руб.",2000-01-14 16:00:00,Михайловский манеж,"Инженерная ул., д. 11",59.937274,30.338964,[],
3340,"Открытие литературного клуба ""Дантес"". Круглый стол на тему: ""Пути современного искусства: от авангарда к декадансу и маргинальности"". Сокураторы - Вячеслав Кондратович и Михаил Трофименков.",2000-01-15 19:00:00,Navicula Artis,"Лиговский пр., д. 53",59.929136,30.359338,"['Вячеслав  Кондратович', 'Михаил  Трофименков']",
3343,Вечер поэтов Дмитрия Голынко-Вольфсона и Тимофея Животовского. Куратор - Евгений Антипов.,2000-01-20 18:00:00,Лицей,"Фонтанка, д. 78",59.926999,30.33352,"['Евгений  Антипов', 'Дмитрий  Голынко-Вольфсон', 'Тимофей  Животовский']","['Дмитрий Голынко-Вольфсон', 'Тимофей Животовский']"
3310,"Поэтический вечер ""Спектральный Петербург: из 90-х"". Представляют: Дмитрий Голынко-Вольфсон, Сергей Завьялов, Всеволод Зельченко,  Анджей Иконников-Галицкий, Евгений Майзель, Кэнди Малахаев,  Жанна Сизова, Александр Скидан, Дарья Суховей, Валерий Шубинский.",2000-01-21 18:00:00,Амплитуда,"Лиговский пр., д. 53",59.929136,30.359338,"['Дмитрий  Голынко-Вольфсон', 'Сергей  Завьялов', 'Всеволод  Зельченко', 'Анджей  Иконников', 'Евгений  Майзель', 'Кэнди  Малахаев', 'Жанна  Сизова', 'Александр  Скидан', 'Дарья  Суховей', 'Валерий  Шубинский']",
3344,"Поэтические чтения в рамках выставки ""Петербург-99"". Вход на выставку 10 руб.",2000-01-22 15:00:00,Михайловский манеж,"Инженерная ул., д. 11",59.937274,30.338964,[],
3342,"Современная поэзия: Александр Горнон (полифоносемантика: графика, голосовая музыка), Борис Констриктор (стихи), Борис Кипнис (скрипка). Во время вечера / концерта дверь в клуб будет  закрыта, поэтому опоздания крайне нежелательны.",2000-01-24 19:00:00,Шалтай-Болтай,"Гагаринская ул., д. 3",59.947978,30.341371,"['Александр  Горнон', 'Борис  Кипнис', 'Борис  Констриктор']",
3345,Вечер поэта Евгения Мякишева [и Михаила Болдумана (Москва)]. Куратор - Евгений Антипов.,2000-01-27 18:00:00,Лицей,"Фонтанка, д. 78",59.926999,30.33352,"['Евгений  Антипов', 'Михаил  Болдуман', 'Евгений  Мякишев']",
3346,Вечер поэтов СП России (СПб отд.). Ведёт вечер Иван Стремяков.  *,2000-01-28 16:00:00,Дом журналиста,"Невский пр., д. 70",59.933244,30.345737,['Иван  Стремяков'],
3347,"Вечер поэта Юрия Кублановского, редактора отдела поэзии журнала ""Новый мир"" (Москва).   *",2000-01-28 18:00:00,Музей Ахматовой,"Литейный пр., д. 53",59.936332,30.347704,['Юрий  Кублановский'],
3348,Встреча с поэтом Глебом Горбовским. Ведёт встречу академик Александр Панченко.,2000-01-29 15:00:00,Театр на Литейном,"Литейный пр., д. 51",59.937197,30.347776,"['Глеб  Горбовский', 'Александр  Панченко']",
3304,"Вечер поэта, музыканта и сказочника Владика Нахимова. ",2000-01-31 19:00:00,Шалтай-Болтай,"Гагаринская ул., д. 3",59.947978,30.341371,['Владик  Нахимов'],
3251,"Встреча с исследователем творчества Анны Ахматовой Романом Тименчиком, читавшим комментарии к будущему собранию сочинений Ахматовой.  ~01.02.00, 08.02.00, 15.02.00,",2000-02-01 18:00:00,Музей Ахматовой,"Литейный пр., д. 53",59.936332,30.347704,"['Анна  Ахматова', 'Роман  Тименчик']",
3268,"Поэты движения ""Послушайте"" представляли музыкально-поэтическое шоу ""Живые стихи"". В тот же вечер это событие показывали по телевизору.  ~03.03.00, 04.03.00 пятница-суббота 18.00 Клим Ворошилов /Техно-Арт Центр ""Дрэли куда попало"" представляли акцию ""Тонкий фашизм"".  др",2000-02-02 19:00:00,Театр Эстрады,"Большая Конюшенная ул., д. 27",59.936999,30.322363,['Клим  Ворошилов'],
3253,"Линор представляла поэтическую композицию ""Линор и углистые хондриты"". О представлении того же в Москве можно прочитать в Интернет-версии ""Литературной жизни Москвы"" http://www.vavilon.ru/lit/nov99.html#511  дс",2000-02-03 18:00:00,Центральный лекторий,"Литейный пр., д. 42",59.938306,30.348836,['Линор  '],
3254,"Поэтическое шоу: Teddy и Графф. На самом деле сообщество называлось ""Дикий дрём"", шоу же - было посвящено похоронам некоего поэта по имени Подлей Чернилофф. За спецэффектами (транспаранты, сделанные вручную с оригинальными шрифтовыми решениями - текст на одном из них, висевшем прямо на сцене, не передать возможностями электронной почты: ""Задавимъ искусство краснЕнькимъ"" (здесь Е = буква ять); два паренька в красных балахонах с капюшонами, в противогазах (!) и с топорами, расхаживающие по сцене и залу; множество каких-то объектов на сцене, демонстрирующих принадлежность к разным культурным средам - примеры: в какой-то момент на сцене одновременно зажгли и церковные свечки, и ""вонючие палочки"", стоявшие в одном подсвечнике; плюс к уже цитировавшемуся лозунгу - японские иероглифы на шарфе - один из псевдонимов исполнителя главной роли, известного по псевдониму Teddy, - Bai Saki Teru Tsuta), да, вот, за спецэффектами было не узреть качеств поэтических текстов, впрочем, кажется, они небезынтересны со всех точек зрения, кроме последнего ряда в зале, - ибо воистину егоролетовские интонации исполнителя главной роли/партии чередовались с шёпотом, но шёпотом под тихое позвякивание топорами друг о друга. Также: отсутствие сюжета у действа, длившегося полтора часа (или, по крайней мере, некоторые слушатели не уловили движения сюжета), длительные музыкальные провалы, кажется, в трэш, а также, условно говоря, множество ""ружей"", которые так и не ""выстрелили"" (портрет Пушкина на сцене - самый заметный пример) побудили Евгения Антипова проявить кураторскую инициативу и остановить действо. Когда участники (их было четверо) покинули зал по этой причине, то данное действо было немедленно и неплохо спародировано Кэнди Малахаевым. дс",2000-02-03 18:00:00,Лицей,"Фонтанка, д. 78",59.926999,30.33352,"['Чернилофф  Подлый', 'Граффа  ']","['Тедди', 'Подлей Чернилофф', 'Кэнди Малахаевым']"
3255,"Вечер поэта Юрия Кублановского, редактора отдела поэзии журнала ""Новый мир"" (Москва). В белом, недавно отремонтированном большом зале музея немногое количество публики пришло послушать поэта, приезд и выступление которого было перенесено на неделю позже в связи с перенесённым им гриппом. Сидя в жёлтом шарфе, поэт читал стихи. Стихи вполне традиционные по форме. Сутью же, казалось, особенно в начале, - некая похожесть интонациями на Стратановского. Всё же да будет такое суждение отнесено к обманным. Слишком много пафоса было да мало иронии, что, впрочем,... Прозвучали стихи из книг ""Заколдованный дом"", ""Число"", и ещё не изданной ""Дольше календаря"". Вёл вечер Виктор Кривулин, а посетили его, в частности, несколько митьков, которые не задержались там надолго. дс",2000-02-04 18:00:00,Музей Ахматовой,"Литейный пр., д. 53",59.936332,30.347704,"['Виктор  Кривулин', 'Юрий  Кублановский', 'Сергей  Стратановский']","['Юрий Кублановский', 'Виктор Кривулин', 'Митьков', 'Сергей Стратановский']"
3660,Вечер поэтов Олега Левитана и Дмитрия Толстобы.,2000-02-07 18:00:00,Дом ученых,"Дворцовая наб., д. 26",59.943404,30.319668,"['Олег  Левитан', 'Дмитрий  Толстоба']",
3256,"Вечер авторов литературного альманаха ""Urbi"". Участвуют: Кирилл Кобрин (Нижний Новгород), Михаил Окунь, Лев Усыскин. В этот день двери редакции журнала ""Звезда"" впустили не весьма многочисленную публику разнообразного свойства. Несколько писателей и стихотворцев, пригоршня критиков, пара филологов и 3-4 т.наз. ""простых читателей"" пришли послушать прозаиков альманаха ""Урби"" (СПб.-Н.Новгород). ""Урби"" - издание, поражающее своей эклектичностью и странными названиями, похожими на оные рок-пластинок, ""отмечался"" прежде публичными акциями своих поэтов (в стенах той же ""Звезды"", Фонтанном Доме и др. почтенных заведениях); прозаики же были несколько в загоне. И вот, свершилось. Начало вечера осталось за соредакторами. Первым из них был соредактор ""Звезды"" Андрей Арьев, заявивший, что сейчас будет читаться проза, которую в его журнале никогда печатать не будут: ""У нас нет спонсоров. Есть только читатели"". Следующим представителем полувзвода соредакторов был соредактор ""Урби"" (и по совместительству - зав. отделом поэзии ""Звезды"") Алексей Пурин. Он долго раскланивался перед предыдущим докладчиком (по совместительству - его начальником), а затем представил выступающих. Характеристики его были кратки и ёмки. Кирилл Кобрин - ""удивительный человек"", Лев Усыскин - ""светлая личность, потому что не пьёт"", Михаил Окунь - ""бандит и хулиган"". Публика настороженно примолкла. Наступил черед третьего из соредакторов. Кирилл Кобрин (соредактор ""Урби"") объяснил присутствующим эстетическое кредо альманаха; как и предполагалось, без восточной мудрости не обошлось: ""Пусть расцветают все цветы!"" (Мао Цзэдун). После упражнений в постмаоизме Кобрин зачитал три полуавтобиографических эссе, предполагаемых им в будущую его книгу ""non-fiction"". Лев Усыскин, предшествуемый представлением того же Кобрина (нечто о ""реальности"", которая, якобы ""исчезла"" для всех, только не для прозаика Усыскина), прочитал два рассказа о революции и гражданской войне, полные шашек, маузеров и махорки. В связи с последним публика оживилась: при упоминании о ""кисете"", но сорокинской свистопляски и прочего ""мокренького бридо"" не последовало. ""Питерский Генри Миллер"" Михаил Окунь сорвал аплодисмент своей ёмкой и ёбкой прозой. Особенно приглянулся рассказ о бедолаге, которому приснился его любимый киноактер - поживший в своё (и наше) удовольствие Рэнди Уэст. К сожалению, достойного окончания вечера не воспоследовало. [журнальная версия этой заметки опубликована в Питерbook'е 3-2000]  дг",2000-02-07 18:00:00,Редакция журнала Звезда,"Моховая ул., д. 20",59.943548,30.345692,"['Андрей  Арьев', 'Кирилл  Кобрин', 'Генри  Миллер', 'Михаил  Окунь', 'Алексей  Пурин', 'Лев  Усыскин', 'Мао  Цзэдун']","['Кирилл Кобрин', 'Михаил Окунь', 'Лев Усыскин']"
3257,"Вечер поэта, музыканта и сказочника Владика Нахимова. Владимир Нахимов, многим знакомый по публикациям в газете ""НА ДНЕ"" (""Записки международного бомжа"", ""Под мостами Сены"") - прямой продолжатель традиции средневековых трубадуров: большую часть года он путешествует по городам и странам на своем стареньком микроавтобусе и выступает на улицах и площадях. В его репертуаре музыка народов мира и собственного сочинения, которую он обычно исполняет одновременно на нескольких инструментах, а порой подключает к этому действу собственноручно созданную куклу по имени Офелия. Вечер на сцене Шалтай-Болтая был ""многожанровым"": за рассказами о трубадуре и принцессе следовала мелодия с почти сказочным для нашего северного города названием ""Сорока на абрикосовом дереве"" а за ней то, что сам автор назвал научной частью - отрывки из ""Трактата об отношениях между орлами, кротами, страусами, пеликанами и львами"". [журнальная версия этой заметки опубликована в Питерbook'е 3-2000]",2000-02-07 19:00:00,Шалтай-Болтай,"Гагаринская ул., д. 3",59.947978,30.341371,"['Владик  Нахимов', 'Владимир  Нахимов']",
3661,"Вечер, посвящённый творчеству Нонны Слепаковой. Участвуют барды, а также поэты Илья Фоняков, Дмитрий Быков и др.",2000-02-08 18:00:00,Дом журналиста,"Невский пр., д. 70",59.933244,30.345737,"['Дмитрий  Быков', 'Нонна  Слепакова', 'Илья  Фоняков']",
3258,"Вечер короткой прозы Льва Усыскина. Вступительное слово Кирилла Кобрина (Нижний Новгород). Лев Усыскин читал свою прозу. В отличие от предыдущего мероприятия (07.02.00; редакция журнала ""Звезда""), выдержанного в несколько фривольно-алкоголистических тонах, это было обустроено серьезнее. Среди публики было замечено не очень много литераторов - исполинского роста издатель в паре с миниатюрным критиком, неизменный в эти дни в Питере Кобрин, кто-то ещё. На втором этаже того же помещения автор ""Романа с простатитом"" вел теоретические занятия по суициду. В рассказах Усыскина насилие тоже присутствовало. ""Полёт шмеля"" завершился контрольным выстрелом в голову. ""Медицинская сестра Анжела"" - досрочной смертью приговоренного бандитами к смерти Тихомирова. В конце концов, расстреляли и Берию (""Синий табурет""). Удалась и задуманная автором ""драматизация"": чтение ""по ролям"" с питерским поэтом Дарьей Суховей, цитирование неких исторических документов, касающихся аграрных корней чеченской проблемы. Публику напоили чаем. Кобрин опять говорил про исчезнувшую реальность. Кононов громко шелестел бумагами. Елисеев издавал короткие смешки. Некто с бритой головой задал уточняющий вопрос. Около десяти все разошлись. Самоубийц со второго этажа слышно не было. Ждем продолжения. Тчк. [журнальная версия этой заметки опубликована в Питерbook'е 3-2000]",2000-02-08 18:30:00,Музей Ахматовой,"Литейный пр., д. 53",59.936332,30.347704,"['Кирилл  Кобрин', 'Николай  Кононов', 'Дарья  Суховей', 'Лев  Усыскин', 'Елисеев  ']",
14671,"Презентация книги стихов Александра Городницкого ""Избранное"".",2000-02-09 18:00:00,Музей Пушкина,"Мойка, д. 12",59.941186,30.321168,['Александр  Городницкий'],
3364,"""Из-речения"". Вечер поэтов Ларисы Березовчук (новая риторика), Александра Горнона (полифоносемантика), Бориса Констриктора (речемузыкальное действие) при участии Бориса Кипниса.",2000-02-09 18:00:00,Музей Ахматовой,"Литейный пр., д. 53",59.936332,30.347704,"['Лариса  Березовчук', 'Александр  Горнон', 'Борис  Кипнис', 'Борис  Констриктор']",
3662,"Международная научная конференция ""Ахматовские чтения-2000"". В программе вступительное слово Н.И.Поповой и доклады: Тименчик Р.Д. (Израиль) Память Ахматовой. Купман Е.А. (Москва) Два разговора об Анне Андреевне: Лидия Гинзбург, Иосиф Бродский. Черных В.А. (Москва) Из опыта работы над ""Летописью жизни и творчества Анны Ахматовой"". Королёва Н.В. (Москва) Участие Анны Ахматовой в книге переводов польских поэтов 1942 года. Пунина И.Н. (СПб) Дневники Н.Н.Пунина: их история и публикация. Харрингтон Александра (Англия) Ахматова - кубист? Расположение книги ""Чётки"".  *",2000-02-10 11:00:00,Музей Ахматовой,"Литейный пр., д. 53",59.936332,30.347704,"['Анна  Андреевна', 'Анна  Ахматова', 'Иосиф  Бродский', 'Лидия  Гинзбург', 'Н  Королев', 'Е  Купман', 'Нина  Попова', 'Николай  Пунин', 'Роман  Тименчик', 'Александр  Харрингтон', 'В  Черный', 'Ахматов  ']","['Наталья Попова', 'Роман Тименчик', 'Елена Купман', 'Лидия Гинзбург', 'Иосиф Бродский', 'Владимир Черных', 'Наталья Королева', 'Ирина Пунина', 'Александра Харрингтон']"
3663,"Международная научная конференция ""Ахматовские чтения-2000"". В программе доклады: Найман А.Г. (Москва) Творчество Анны Ахматовой как классический роман. Мних Р.В. (Украина) Изучение стихотворений Анны Ахматовой: комментарий или интерпретация. Кац Б.А. (СПб) ""Символистская музыка"" в аранжировке Ахматовой. Обухова О.Я. (Италия) Ахматова и Италия: Итальянские слависты в ""Записных книжках"". Свенцицкая Э.М. (Украина) Судьба слова в творчестве Ахматовой. Пахарева Т.А. (Волоград) Ахматовский контекст псевдотрагедии Владимира Маккавейского ""О Пьеро-убийце"".  *",2000-02-10 15:00:00,Музей Ахматовой,"Литейный пр., д. 53",59.936332,30.347704,"['Анна  Ахматова', 'Борис  Кац', 'Владимир  Маккавейский', 'Р  Мних', 'Анатолий  Найман', 'О  Обухов', 'Т  Пахарев', 'Эдуард  Свенцицкий', 'Ахматов  ']","['Анна Ахматова', 'Найман А.Г.', 'Мних Р.В.', 'Борис Кац', 'Обухова О.Я.', 'Эдуард Свенцицкий', 'Т.А. Пахарева', 'Владимир Маккавейский']"
3259,"Вечер поэтов Владимира Кучерявкина и Арсена Мирзаева Вечер начался с исполнения ритуальной песни, которой Арсен Мирзаев предваряет многие свои выступления, а затем был продолжен попеременным чтением авторами различных стихотворений. Несмотря на различие поэтических (и сценических) манер, а, возможно, и благодаря этому, общее звучание поэтических чтений вышло, к великому удовольствию публики, необыкновенно гармоничным. Завершилось выступление поэтов чтением ""в ролях"" палиндромессы [прим.: палиндромесса - палиндромическая пьеса] Арсена Мирзаева ""Признание Анны Осаниной, или В сетях Сатаны"", в котором, кроме автора и В. Кучерявкина, принял участие поэт и писатель Дмитрий Григорьев. [журнальная версия этой заметки опубликована в Питерbook'е 3-2000]  ~",2000-02-10 18:00:00,Лицей,"Фонтанка, д. 78",59.926999,30.33352,"['Дмитрий  Григорьев', 'Владимир  Кучерявкин', 'Арсен  Мирзаев', 'Арсен  Мирзаева']",
3664,"Международная научная конференция ""Ахматовские чтения-2000"". В программе доклады: Кривулин В.Б. (СПб) Ахматова и финны. Гончарова Н.Г. (Москва) ""Фателибелий"" - книга о книгах Анны Ахматовой. Баевский В.С., Бышенкова Ю.А., Горелик Л.Л., Кузина Н.В., Романова И.В., Шаповалов Б.С. (Смоленск) Компьютерное собрание сочинений Ахматовой. Каминская А.Г. (СПб) Хроника последней зимы. Дичаров З.Л. (СПб) Репрессии государства по отношению к Анне Ахматовой. Поберёзкина П.Е. (Украина) Из комментария к драме ""Энума Элиш"" Анны Ахматовой. Уваров М.С. (СПб) ""Реквием"" в пространстве петербургской культуры.  *",2000-02-11 11:00:00,Музей Ахматовой,"Литейный пр., д. 53",59.936332,30.347704,"['Анна  Ахматова', 'Владимир  Баевский', 'Ю  Бышенков', 'Н Г Гончарова', 'Л  Горелик', 'Захар  Дичаров', 'Анна  Каминская', 'Виктор  Кривулин', 'Н  Кузина', 'П  Поберезкин', 'И  Романов', 'М  Уваров', 'Б  Шаповалов', 'Ахматов  ']","['Кривулин Владимир Борисович', 'Гончарова Наталья Григорьевна', 'Баевский Владимир Сергеевич', 'Бышенкова Юлия Александровна', 'Горелик Любовь Львовна', 'Кузина Надежда Викторовна', 'Романова Ирина Владимировна', 'Шаповалов Борис Сергеевич', 'Каминская Анна Гавриловна', 'Дичаров Захар Леонидович', 'Поберезкина Полина Ефимовна', 'Уваров Михаил Сергеевич']"
3665,"Международная научная конференция ""Ахматовские чтения-2000"". В программе доклады: Шилов Л. А. (Москва) Проблемы публикации звучащих текстов Анны Ахматовой. Джениффер Райан Тишлер (США) Личная и общественная память: ""Черепки"" и ""Requiem"" Анны Ахматовой. Фигурнова О.С. (Москва) От Inferno к Purgatorio. Из поздних ответов: к вопросу об адресате стихотворения Ахматовой ""Хвалы мне эти не по чину..."" Муратов А.М. (СПб) Борис Анреп и Анна Ахматова. К проблеме классической традиции в искусстве XX века. Червинская О.В. (Украина) Творчество Анны Ахматовой в перспективе православного вероучения. Тропкина Н.Е. (Волгоград) Творчество Анны Ахматовой в антологии русских поэтов 1917-1921 гг. Рейн Е.Б. (Москва) Из личных воспоминаний об Анне Ахматовой.  *",2000-02-11 15:00:00,Музей Ахматовой,"Литейный пр., д. 53",59.936332,30.347704,"['Борис  Анреп', 'Анна  Ахматова', 'Евгений  Рейн', 'Н  Тропкин', 'О  Фигурнов', 'О  Червинский', '  Черепок', 'Лев  Шилов', 'Джениффера  ']","['Лев Шилов', 'Джениффер Райан Тишлер', 'Ольга Фигурнова', 'Александр Муратов', 'Ольга Червинская', 'Надежда Тропкина', 'Евгений Рейн']"
3666,Вечер поэта Анатолия Наймана.,2000-02-11 18:00:00,Музей Ахматовой,"Литейный пр., д. 53",59.936332,30.347704,['Анатолий  Найман'],
3260,"Вечер поэта Елены Шварц. Елена Шварц читала час. Основную часть чтения составили ранние стихотворения и поэмы - знакомые и озвученные автором по инапрессовскому изданию, в то же время прозвучали и вещи новые, незнакомые, не похожие на общее представление о поэтике Шварц. Количество пришедшей публики потребовало вноса скамеек из соседней галереи, тем не менее, всё равно часть публики осталась слушать стоя. Слушали не дыша, по окончании чтения подарили несколько букетов цветов. ""Литературный Гид"" рассказывал о том, как в предвыборной газете написали о несостоявшемся осенью выступлении Шварц в ""Приюте комедианта"", будто бы оно было; здесь же ситуация обратная - случившийся бесплатный вечер Шварц, что называется, прессы не получил (по крайней мере, мы этого не отследили). Поэтому ещё одно эссе на ту же тему: [а.х.]: Опыт впечатления: кафе Амплитуда, читает Ел. Шварц Шаткие стулики, публика особняком - о ней пусть скажет другой, а так - штрих: роза плашмя поперек столешницы, гиацинты в целлофане - любезность Скидана; его конферанс, он же определил: поэтическую сцену через Ел. Шварц и еще кое-кого, о ком будет объявлено дополнительно; да, о сцене удачно - голоса у Шварц почти уже нет, тем безупречнее жест: не жест - лезвие, полоснет и сейчас же сама и излечит, бога приманит и - пластырем, - вполне Шварц, даже респектабельно, плюс гарнир ненавязчивого концепта: от поэта к поэту, от предпочтения к предпочтению, будь то всё ещё Шварц, либо уже Скидан. Обещан Стратановский. Ещё! дс",2000-02-11 19:00:00,Амплитуда,"Лиговский пр., д. 53",59.929136,30.359338,['Елена  Шварц'],
3672,"Международная научная конференция ""Ахматовские чтения-2000"". День третий.  В программе доклады: Зыков Л.А. (СПб) Раздвоение героя и адресата в лирике Анны Ахматовой на примере стихотворения ""Если плещется лунная жуть..."" Михайлов А.И. (СПб) Анна Ахматова и Осип Мандельштам. По дневникам Павла Лукницкого. Зобнин Ю.В. (СПб) Николай Гумилёв - учитель поэзии. По материалам Архива Павла Лукницкого. Двинятина Т.М. (СПб) Ахматовские материалы в архиве Павла Лукницкого. Иванова И.Г. (СПб) Представление CD-ROMа ""Рукописи Анны Ахматовой в составе рукописного фонда в Музее Анны Ахматовой в Фонтанном Доме"". Тименчик Р.Д. (Израиль) ""В ста зеркалах"".",2000-02-12 11:00:00,Музей Ахматовой,"Литейный пр., д. 53",59.936332,30.347704,"['Анна  Ахматова', 'Николай  Гумилев', 'Т  Двинятин', 'Юрий  Зобнин', 'Л  Зык', 'Игорь  Иванов', 'Павел  Лукницкий', 'Осип  Мандельштам', 'Антон  Михайлов', 'Роман  Тименчик']","['Л.А. Зыков', 'А.И. Михайлов', 'Ю.В. Зобнин', 'Т.М. Двинятина', 'И.Г. Иванова', 'Р.Д. Тименчик']"
3667,"Международная научная конференция ""Ахматовские чтения-2000"". В программе: 15.00-16.00 Представление книги Н.И.Поповой и О.Е.Рубинчик ""Анна Ахматова и Фонтанный дом"". Демонстрация компьютерного фильма ""Тень моя на стенах твоих..."" (Музей Анны Ахматовой в Фонтанном Доме) 16.00-17.00 Круглый стол ",2000-02-12 15:00:00,Музей Ахматовой,"Литейный пр., д. 53",59.936332,30.347704,"['Анна  Ахматова', 'Нина  Попова', 'Ольга  Рубинчик']","['Нина Попова', 'Ольга Рубинчик']"
3673,"Поэтическое кафе, организованное при участии поэтического соединения ""Дрэли куда попало"".",2000-02-15 19:00:00,Клим Ворошилов,"Свердловская наб., д. 12",59.958052,30.378651,[],
3261,"Вечер памяти Е.Г.Эткинда. На втором вечере памяти Ефима Григорьевича Эткинда (первый состоялся в музее Ахматовой 18 декабря 1999 г.) его вспоминали Г.Ю.Бергельсон, Н.О.Гучинская, П.Л.Вахтина, И.В.Кудрова, Г.С.Усова, С.Бердников. Лейтмотивом всех выступлений было чувство неприемлемости смерти Эткинда, невозможности примириться с тем, что его уже никогда не будет с нами. Выступавшие подчёркивали, каждый по-своему, такие уникальные качества Эткинда, как священное отношение к делу перевода, потрясающие организаторские способности, умение слушать людей, умение произносить интереснейшие речи, доклады, т.е. и умение ""заставить"" слушать себя. В Ленинграде он организовал не имевший аналогов устный альманах переводов ""Впервые на русском языке"". Альманахи выходили с 1959 по 1973 год. Он вёл их захватывающе, в нужных местах ободряя застенчивых выступающих и делая - всегда интересные - замечания. Количество желающих попасть на выпуски альманаха намного превышало число мест в зале Дома писателей, люди стояли в проходах, даже в коридоре и на лестнице. (Когда впоследствии - после отъезда Эткинда - была сделана попытка реанимировать эти альманахи, она не удалась.) Во Франции, куда Эткинд попал не по своей воле, он пытался научить французов стихотворному переводу, потратил на это много сил и времени. Всегда сожалел о том, что ""у него не та аудитория"". В Бретани, где с Эткиндом подружились местные крестьяне (он жил на приобретенной им половине фермы), он пользовался большим авторитетом, ему даже предложили стать мэром местечка, но он отказался. На вечере также прозвучали две небольших новеллы Эткинда, построенные на автобиографических мотивах. П.Л.Вахтина, прочитавшая их, сказала, что это не всё, что эти новеллы пока нигде не опубликованы...  дс",2000-02-16 18:00:00,Дом ученых,"Дворцовая наб., д. 26",59.943404,30.319668,"['Анна  Ахматова', 'Григорий  Бергельсон', 'Сергей  Бердников', 'П  Вахтин', 'Н  Гучинский', 'И В Кудрова', 'Г  Усов', 'Ефим  Эткинд']","['Е.Г.Эткинда', 'Г.Ю.Бергельсон', 'Н.О.Гучинская', 'П.Л.Вахтина', 'И.В.Кудрова', 'Г.С.Усова', 'С.Бердников']"
3674,Встреча с литературным критиком и эссеистом Самуилом Лурье.,2000-02-16 18:00:00,Музей Ахматовой,"Литейный пр., д. 53",59.936332,30.347704,['Самуил  Лурье'],
3675,Вечер поэтов Григория Ильяноя и Тимура Кекиликова.,2000-02-17 18:00:00,Лицей,"Фонтанка, д. 78",59.926999,30.33352,"['Григорий  Ильяной', 'Тимур  Кекиликов']",
3392,"Презентация книги Г.И.Назаровой ""Лицейский сад и памятник Пушкину"". Ведёт вечер Илья Фоняков.",2000-02-18 16:00:00,Музей Ахматовой,"Литейный пр., д. 53",59.936332,30.347704,"['Г  Назарова', 'Илья  Фоняков']",
3262,"Семинар Бориса Ивановича Иванова, возобновлённый по причине, что не всё успели в прошлом году, до конференции, состоявшейся в конце декабря, в связке с премией Белого. В продолжении семинара речь идёт преимущественно о 80-х годах. Нина Гучинская рассказала о поэзии Елены Шварц. В 1979 году в самиздатском журнале ""Часы"" была опубликована статья Гучинской о Шварц, подписанная псевдонимом ""Ефимова"", взятым в честь Е.Г.Эткинда. Это рецензия на первый самиздатский сборник Шварц ""Войско, изгоняющее бесов"", выпущенный в 1976 году в Москве Владимиром Сайтановым. Нина Гучинская рассказывала о том, что важно для поэтики Шварц, это (в произвольном порядке): постоянные превращения - преображения, особый тип музыкальности стиха - атональная, авангардная, и достаточно сложные отношения в сфере религии (религий). Гучинская считает программным стихотворение ""Подражание Буало"" - в плане рефлексии. Значительную часть доклада Гучинской составили комментарии к поэмам и стихотворным циклам: ""Труды и дни Лавинии"", ""Лестница с дырявыми площадками"", ""О том, кто рядом. Из записок единорога"", ""Прерывистая повесть о коммунальной квартире"". В обсуждении участвовали Светлана Иванова, Борис Останин, Алексей Михайловин, Валерий Шубинский. Обнаружилось, кстати, что и он, и Гучинская независимо друг от друга (Шубинскому не был доступен ж-л ""Часы"" с вышеупомянутой статьёй) в своих критических работах высказали, что ритм стихов Шварц - это не что иное, как чередование разных силлабо-тонических метров. Вторая часть семинара была посвящена журналу ""Грааль"", о котором рассказывал один из его издателей Вадим Максимов. ""Грааль"" выходил с февраля 1980 по февраль 1984, вышло 11 номеров в 15 книгах, тиражом около 6 экземпляров, объёмом 100-200 машинописных страниц. Журнал родился в недрах Театрального института, где тогда учились Дмитрий Марченко, Евгений Пуссер и сам Максимов - соредакторы. Задачи театрального журнала не стояло, наоборот, ""Грааль"" представляли себе как издание, которому надлежит отражать культурную ситуацию в целом. Рубрикация была достаточно широкой (поэзия, проза, драматургия, критика, теория, переводы), тем не менее, ""Грааль"" состоялся как журнал, основную часть которого составляли современная проза и поэзия (из-за этого и 15 книг, но 11 номеров - существовали приложения). Основную массу авторов составляли москвичи - Татьяна Щербина, Ольга Седакова, Дмитрий Щедровицкий, Алексей Бердников и, условно говоря, круг Михаила Файнермана - Всеволод Некрасов, Иван Ахметьев, Евгений Харитонов. О последнем из упомянутых следует сказать особо - несмотря на то, что он умер в 1981 году, у него были прижизненные публикации в самиздате - как раз-таки в ""Граале"", в первых номерах. После его смерти был выпущен ""Грааль"" N 10, 1983, полностью посвящённый Евгению Харитонову. На последних номерах ""Грааля"" возникла целая группа следующего поколения, выпускавшая самиздатский журнал ""Журнал"". Что касается самого Максимова, для него лично самиздат стал образом жизни, чем-то постоянно сопутствующим судьбе. В 1996 году Максимов на компьютере тиражом 30 экземпляров издаёт журнал ""Академическое подполье"", ну, и это, думает он, - не последнее...  ~",2000-02-18 19:00:00,Музей Ахматовой,"Литейный пр., д. 53",59.936332,30.347704,"['Нина  Гучинская', '  Гучинский', 'Екатерина  Ефимова', 'Борис  Иванов', 'Светлана  Иванова', 'Вадим  Максимов', 'Максимов  Максимов', 'Дмитрий  Марченко', 'Алексей  Михайловин', 'Борис  Останин', 'Евгений  Пуссер', 'Владимир  Сайтанов', 'Елена  Шварц', 'Валерий  Шубинский', 'Ефим  Эткинд']","['Борис Иванович Иванов', 'Нина Гучинская', 'Елена Шварц', 'Владимир Сайтанов', 'Светлана Иванова', 'Борис Останин', 'Алексей Михайловин', 'Валерий Шубинский']"
3677,"Поэтический вечер с участием Андрея Шляхова, Марии Громаковой и Насти Тамило. Визуальный ряд - картины Дмитрия Смирнова.",2000-02-22 19:00:00,Шалтай-Болтай,"Гагаринская ул., д. 3",59.947978,30.341371,"['Мария  Громакова', 'Дмитрий  Смирнов', 'Настя  Тамило', 'Андрей  Шляхов']","['Андрей Шляхов', 'Мария Громакова', 'Настя Тамило']"
3252,"""Дрэли куда попало"" основали своё поэтическое кафе на этой площадке и теперь регулярно там собираются. Статью Алексея Варсопко об их сборищах-собраниях можно найти в 4-м номере ""На дне"" (за вторую половину февраля - описывается то, что было 1 февраля). Фрагмент существенно более, чем указанная статья, эмоционального высказывания А.Ханека по этому поводу (о 22 февраля): ""О! Какое омерзительное О! Самое поэтичное, что им удалось изобрести, это звук ""О""! А за-атем пришли фашисты..."" Неделей позже выяснилось, что этими ""фашистами"" оказались два чуть ли не восемнадцатилетних паренька, вернее только один из них. А 29 февраля вообще ничего поэтического не состоялось - лишь rockabilly какое-то.",2000-02-22 19:00:00,Клим Ворошилов,"Свердловская наб., д. 12",59.958052,30.378651,"['Алексей  Варсопко', 'А  Ханек']","['Алексей Варсопко', 'А Ханек']"
3264,"Вечер поэтов Сергея Завьялова и Александра Скидана Действо проходило в форме беседы между авторами, попеременно читавшими стихи, начиная со стихов 1994 года, заканчивая 1999-м, и говорили о прекрасном. Завьялов и Скидан декларировали свою похожесть друг на друга - ""у нас даже книжки одинаковые"" - выпущенные в арго-рисковской серии ""тридцатилетние"". Это декларирование идентичности плохо кончилось: часть публики, регулярно посещающая ""Лицей"", не поняла обоих. Вечер был привязан к воспоминаниям о Василии Кондратьеве; Скидан завершил циклом ""Кондратьевский проспект"".  ~",2000-02-24 18:00:00,Лицей,"Фонтанка, д. 78",59.926999,30.33352,"['Сергей  Завьялов', 'Василий  Кондратьев', 'Александр  Скидан']","['Сергей Завьялов', 'Александр Скидан']"
3265,"Состоялся вечер 32-летнего поэта Тимофея Животовского, организованный Юлианом Рыбаковым и его кругом. Присутствовало около 100 зрителей, вечер состоял из 4-х частей, Тимофеем было прочитано около 70 стихотворений (известно, что Тимофей читает обычно наизусть и очень торопливо) и 4 поэмы, одна из которых была написана под впечатлением от предыдущего персонального чтения в Музее Пушкина в 1997 году, где зрителей / слушателей почти не было.  дс",2000-02-24 18:00:00,Музей Достоевского,"Кузнечный пер., д. 5/2",59.927301,30.350938,"['Тимофей  Животовский', 'Юлиан  Рыбаков']",
3682,"Очередной семинар из цикла ""Неподцензурная петербургская литература 1950-х-1980-х годов"", проводимого Б.И.Ивановым. Тема: литературные группировки  второй половины 80-х. 1. Валерий Шубинский о ""Камере хранения"", 2. Дмитрий Григорьев о ""депрессионистах"" (Борис Пузыно, Михаил Кондратьев, Фил), 3. Арсен Мирзаев о ""Клубе Президентов Изабеллы"" 4. и, возможно, Дмитрий Голынко-Вольфсон о Свободном университете.",2000-02-25 19:00:00,Музей Ахматовой,"Литейный пр., д. 53",59.936332,30.347704,"['Дмитрий  Голынко-Вольфсон', 'Дмитрий  Григорьев', 'Борис  Иванов', 'Михаил  Кондратьев', 'Арсен  Мирзаев', 'Борис  Пузын', 'Валерий  Шубинский', 'Фил  ']",
3679,"""Версия романа"". Вечер мемуаров Александра Ильянена.",2000-02-25 19:00:00,Амплитуда,"Лиговский пр., д. 53",59.929136,30.359338,['Александр  Ильянен'],
3678,"Презентация сборника ""Четыре шага в бреду: французская маргинальная проза начала XX века (Жан Жене, Пьер Луис, Луи Арагон, Жорж Батай)"". Перевод с французского, составление, предисловие Маруси Климовой и Вячеслава Кондратовича.",2000-02-26 19:00:00,Navicula Artis,"Лиговский пр., д. 53",59.929136,30.359338,"['Луи  Арагон', 'Жорж  Батай', 'Жан  Жене', 'Маруся  Климова', 'Вячеслав  Кондратович', 'Пьер  Луис']",
